<?xml version="1.0" encoding="UTF-8"?>
<templates id="template" xml:space="preserve">

	<t t-name="PosTicket">
        <div class="pos-sale-ticket">
            <t t-if='widget.pos.company_logo_base64' >
                <img style='width:85%;height:180px;margin-left:20px;' t-att-src='widget.pos.company_logo_base64' />
                <br/>
            </t>

            <div class="pos-center-align">
            <t t-esc="widget.pos.company.name"/><br/>
            <t t-esc="widget.pos.pos_session.name"/><br/>
            <t t-if="receipt.header">
                <div style='text-align:center'>
                    <t t-esc="receipt.header" />
                </div>
                <br />
            </t>
            <br/> 
            </div>
            
            <div class="row zero_min_height">
		            <div class="col-xs-12">
		                <div style="border-bottom: 1px solid black;"></div>
		            </div>
		    </div>
		    <br/>
		    
		    <div class="pos-left-align">
		    	<div>
		    		Receipt No: <t t-esc="order.name"/>
		    	</div>
		    </div> 
		    
		    <div>
		    	<div class="pos-left-align">
		    		Date :<t t-esc="order.formatted_validation_date"/>  
		    	</div>
		    </div>
		    <div>
		    	<div class="pos-left-align">
		    		Salesman : <t t-esc="widget.pos.cashier ? widget.pos.cashier.name : widget.pos.user.name"/>
		    	</div>
		    </div>
		    
		    <div>
		    	<div class="pos-left-align">
		    		<t t-jquery="div.receipt-user" t-operation="after">
		            <t t-if="order.get_client() and order.get_client().name">
			            <div class="receipt-customer">
			                Customer: <t t-esc="order.get_client().name"/>
			            </div>
		            </t>
		        </t>
		    	</div>
		    </div>
		    
		    <div class="row zero_min_height">
		            <div class="col-xs-12">
		                <div style="border-bottom: 1px solid black;"></div>
		            </div>
		    </div>
		    <br/>
		       
            
            
            <table class="table table-condensed">
                <thead>
                        <tr>
                            <th>Item</th>
                            <th class="pos-right-align">Qty</th>
                            <th class="pos-right-align">Price</th>
                            <th class="pos-right-align">Total</th> 
                        </tr>
               </thead>
               <tbody>
                <tr t-foreach="orderlines" t-as="orderline">
                    <td>
                        <t t-esc="orderline.get_product().display_name"/>
                         <t t-if="orderline.get_discount() > 0">
                            <div class="pos-disc-font">
                                With a <t t-esc="orderline.get_discount()"/>% discount
                            </div>
                        </t>
                    </td>
                    <td class="pos-right-align">
                        <t t-esc="orderline.get_quantity_str_with_unit()"/>
                    </td>
                    <td class="pos-right-align">
                        <t t-esc="orderline.get_display_price()"/>
                    </td>
                    <td class="pos-right-align">
                        <t t-esc="orderline.get_display_price()"/>
                    </td>
                </tr>
				</tbody>
            </table>
            <div class="row zero_min_height">
		            <div class="col-xs-12">
		                <div style="border-bottom: 1px solid black;"></div>
		            </div>
		    </div>
            <br />
            <table class='receipt-total'>
                <tr>
                    <td>Subtotal:</td>
                    <td class="pos-right-align">
                        <t t-esc="widget.format_currency(order.get_total_without_tax())"/>
                    </td>
                </tr>
                <t t-foreach="order.get_tax_details()" t-as="taxdetail">
                    <tr>
                        <td><t t-esc="taxdetail.name" /></td>
                        <td class="pos-right-align">
                            <t t-esc="widget.format_currency(taxdetail.amount)" />
                        </td>
                    </tr>
                </t>
                <tr>
                    <t t-if="order.get_total_discount() > 0">
                        <td>Discount:</td>
                        <td class="pos-right-align">
                            <t t-esc="widget.format_currency(order.get_total_discount())"/>
                        </td>
                    </t>
                </tr>
                <tr class="emph">
                    <td>Total:</td>
                    <td class="pos-right-align">
                        <t t-esc="widget.format_currency(order.get_total_with_tax())"/>
                    </td>
                </tr>
            </table>
            <div class="row zero_min_height">
		            <div class="col-xs-12">
		                <div style="border-bottom: 1px solid black;"></div>
		            </div>
		    </div>
            <br />
            <table class='receipt-paymentlines'>
                <t t-foreach="paymentlines" t-as="line">
                  <tr>
                      <td>
                          <t t-esc="line.name"/>
                      </td>
                      <td class="pos-right-align">
                          <t t-esc="widget.format_currency(line.get_amount())"/>
                      </td>
                  </tr>
                </t>
            </table>
            <br />
            <table class='receipt-change'>
                <tr><td>Change:</td><td class="pos-right-align">
                    <t t-esc="widget.format_currency(order.get_change())"/>
                    </td></tr>
            </table>
            <div class="row zero_min_height">
		            <div class="col-xs-12">
		                <div style="border-bottom: 1px solid black;"></div>
		            </div>
		    </div>
            <br />
            <t t-if="receipt.footer">
                <br />
                <div style='text-align:center'>
                    <t t-esc="receipt.footer" />
                </div>
            </t>
            <table><tbody><tr id="barcode1" align="center"></tr>
            	<tr align="center"><td id="barcode_val"></td></tr>
            </tbody></table>
        </div>
    </t>
    
    
    
    
    <t t-extend="XmlReceipt">
    	<t t-if='receipt.pos.company_logo_base64' >
                <img style='width:85%;height:180px;margin-left:20px;' t-att-src='receipt.pos.company_logo_base64' />
                <br/>
            </t>
        <t t-jquery=".orderlines" t-operation='replace'>
            <div class='orderlines' line-ratio='0.6'>
                <t t-foreach='receipt.orderlines' t-as='line'>
                    <t t-set='simple' t-value='line.discount === 0 and line.unit_name === "Unit(s)" and line.quantity === 1' />
                    <t t-if='simple'>
                        <line>
                            <left><t t-esc='line.product_name_wrapped[0]' /></left>
                            <right><value t-att-value-decimals='pos.currency.decimals'><t t-esc='line.price_display' /></value></right>
                        </line>
                        <t t-call="XmlReceiptWrappedProductNameLines"/>
                    </t>
                    <t t-if='!simple'>
                        <line><left><t t-esc='line.product_name_wrapped[0]' /></left></line>
                        <t t-call="XmlReceiptWrappedProductNameLines"/>
                        <t t-if='line.discount !== 0'>
                            <line indent='1'><left>Discount: <t t-esc='line.discount' />%</left>
                                <left>/Discount Amount: <t t-esc='line.discount * line.prices/100' /></left>
                            </line>
                        </t>
                        <line indent='1'>
                            <left>
                                <value t-att-value-decimals='pos.dp["Product Unit of Measure"]' value-autoint='on'>
                                    <t t-esc='line.quantity' />
                                </value>
                                <t t-if='line.unit_name !== "Unit(s)"'>
                                    <t t-esc='line.unit_name' />
                                </t>
                                x
                                <value t-att-value-decimals='pos.dp["Product Price"]'>
                                    <t t-esc='line.price' />
                                </value>
                            </left>
                            <right>
                                <value t-att-value-decimals='pos.currency.decimals'><t t-esc='line.price_display' /></value>
                            </right>
                        </line>
                    </t>
                </t>
            </div>
        </t>
    </t>

    <t t-extend="Orderline">
        <t t-jquery=".info-list" t-operation='replace'>
            <ul class="info-list">
                <t t-if="line.get_quantity_str() !== '1' || line.selected ">
                    <li class="info">
                        <em>
                            <t t-esc="line.get_quantity_str()" />
                        </em>
                        <t t-esc="line.get_unit().name" />
                        at
                        <t t-esc="widget.format_currency(line.get_unit_display_price(),'Product Price')" />
                        /
                        <t t-esc="line.get_unit().name" />
                    </li>
                </t>
                <t t-if="line.get_discount_str() !== '0'">
                    <li class="info">
                        With a
                        <em>
                            <t t-esc="line.get_discount_str()" />%
                        </em>
                        discount /
                        <em>
                            <t t-esc="widget.format_currency(line.get_unit_display_price()*line.get_quantity()*line.get_discount()/100,'Product Price')" />
                        </em>
                    </li>
                </t>
            </ul>
        </t>
    </t>

    <t t-name="PackLotLinePopupWidgetCustom">
        <div class="modal-dialog">
            <div class="popup popup-text">
                <p class="title"><t t-esc=" widget.options.title || '' " /></p>
                <div class='packlot-lines'>
                    <t t-if="widget.options.pack_lot_lines">
                        <t t-set="focus_lot_line" t-value="widget.focus_model || widget.options.pack_lot_lines.get_empty_model()"/>
                        <t t-foreach='widget.options.pack_lot_lines.models' t-as='lot_line'>
                            <input type="text" t-att-cid="lot_line.cid"
                                t-att-value="lot_line.get('lot_name')"
                                t-att-autofocus="lot_line === focus_lot_line ? 'autofocus': undefined"
                                class="popup-input packlot-line-input"
                                placeholder="Serial/Lot Number"/>
                            <i class="oe_link_icon remove-lot fa fa-trash-o"></i>
                        </t>

                    </t>
                </div>
                <div class="footer">
                    <div class="button confirm">
                        Ok
                    </div>
                    <div class="button cancel">
                        Cancel
                    </div>
                </div>
            </div>
        </div>
    </t>


    <t t-name="InstructorTemplate">
        <span class="control-button order-instructor">
            <i class='fa fa-user' />
                <t t-if="widget.pos.get_instructor()">
                    <t t-esc="widget.pos.get_instructor().name" />
                </t>
                <t t-if="!widget.pos.get_instructor()">
                    Doctor
                </t>
        </span>
    </t>

     <!--<t t-name="InstructorWidget">-->
        <!--<span class="username">-->
            <!--<t t-esc="widget.get_instructor()" />-->
        <!--</span>-->
    <!--</t>-->
    
    
    
	</templates>
