<?xml version="1.0" encoding="utf-8"?>
<odoo>
    <data>

        <record id="view_move_form_data_entry" model="ir.ui.view">
            <field name="name">account.move.form.data.entry</field>
            <field name="model">account.move</field>
            <field name="priority">20</field>
            <field name="arch" type="xml">
                <form string="Account Entry">
                    <header>
                        <button name="post" states="draft" string="Post" type="object" class="oe_highlight"
                            groups="account.group_account_invoice" />
                        <button name="129" states="posted" string="Reverse Entry" type="action"
                            groups="account.group_account_invoice" />
                        <button name="button_cancel" states="posted" string="Cancel Entry" type="object"
                            groups="account.group_account_invoice" />
                        <field name="state" widget="statusbar" />
                    </header>
                    <sheet>
                        <div class="oe_button_box">
                            <button name="open_reconcile_view" class="oe_stat_button" icon="fa-bars" type="object"
                                string="Reconciled entries">
                            </button>
                        </div>
                        <label for="name" class="oe_edit_only" attrs="{'invisible':[('name','=','/')]}" />
                        <h1>
                            <field name="name" readonly="True" attrs="{'invisible':[('name','=','/')]}" />
                        </h1>
                        <group>
                            <group>
                                <field name="journal_id" options="{'no_open': True, 'no_create': True}" />
                                <field name="date" />
                            </group>
                            <group>
                                <field name="ref" />
                                <field name="company_id" required="1" groups="base.group_multi_company" />
                                <field name="amount" invisible="1" />
                                <field name="currency_id" invisible="1" />
                            </group>
                        </group>
                        <notebook>
                            <page string="Journal Items">
                                <field name="line_ids" widget="one2many_list" context="{'line_ids': line_ids, 'journal_id': journal_id }">
                                    <tree editable="bottom" string="Journal Items">
                                        <field name="account_id"
                                            domain="[('company_id', '=', parent.company_id), ('deprecated', '=', False),('type','!=','view')]" />
                                        <field name="partner_id" domain="['|', ('parent_id', '=', False), ('is_company', '=', True)]" invisible="1"/>
                                        <field name="analytic_account_id" groups="analytic.group_analytic_accounting" />
                                        <field name="amount_currency" groups="base.group_multi_currency" />
                                        <field name="company_currency_id" invisible="1" />
                                        <field name="currency_id" options="{'no_create': True}" groups="base.group_multi_currency" />
                                        <field name="exchange_rate"/>
                                        <field name="debit" sum="Total Debit" />
                                        <field name="credit" sum="Total Credit" />
                                        <field name="name" />
                                        <field name="date_maturity" required="0" invisible="1" />
                                    </tree>
                                </field>
                                <field name="narration" colspan="4" placeholder="Add an internal note..." nolabel="1"
                                    height="50" />
                            </page>
                        </notebook>
                    </sheet>
                </form>
            </field>
        </record>

        <record id="action_move_journal_line_data_entry" model="ir.actions.act_window">
            <field name="name">Journal Entries Data Entry</field>
            <field name="res_model">account.move</field>
            <field name="view_type">form</field>
            <field name="view_mode">tree,form</field>
            <field name="view_id" ref="account.view_move_tree" />
            <field name="search_view_id" ref="account.view_account_move_filter" />
        </record>

        <record id="action_move_journal_line_data_entry_tree" model="ir.actions.act_window.view">
            <field eval="1" name="sequence" />
            <field name="view_mode">tree</field>
            <field name="act_window_id" ref="action_move_journal_line_data_entry" />
        </record>

        <record id="action_move_journal_line_data_entry_form" model="ir.actions.act_window.view">
            <field eval="2" name="sequence" />
            <field name="view_mode">form</field>
            <field name="view_id" ref="view_move_form_data_entry" />
            <field name="act_window_id" ref="action_move_journal_line_data_entry" />
        </record>

        <menuitem icon="STOCK_JUSTIFY_FILL" action="action_move_journal_line_data_entry" id="menu_action_move_journal_line_form_data_entry"
            parent="account.menu_finance_entries" groups="account.group_account_user" sequence="10" />

    </data>
</odoo>