<?xml version="1.0" encoding="utf-8"?>
<openerp>
    <data noupdate="0">

        <record id="hr_rule_points_allowance" model="hr.salary.rule">
            <field name="name">Commission Allowance</field>
            <field name="sequence" eval="100"/>
            <field name="code">COMA</field>
            <field name="category_id" ref="hr_payroll.ALW"/>
            <field name="condition_select">none</field>
            <field name="amount_select">code</field>
            <field name="amount_python_compute"><![CDATA[
if payslip.points_to_used:
    result = payslip.points_to_used
else:
    result = 0]]>
            </field>
        </record>

    </data>
</openerp>