<?xml version="1.0" encoding="utf-8"?>
<openerp>
    <data noupdate="0">

        <record id="email_template_pos_ereceipt" model="mail.template">
            <field name="name">POS Order - Send by Email</field>
            <field name="email_from">${(object.company_id.email or 'noreply@localhost')|safe}</field>
            <field name="subject">Order Reference ${object.name or ''}</field>
            <field name="email_to">${object.customer_email}</field>
            <field name="model_id" ref="point_of_sale.model_pos_order"/>
            <field name="auto_delete" eval="True"/>
            <field name="report_name">Order_${object.name or ''}</field>
            <field name="body_html"><![CDATA[
<div style="font-family: 'Lucica Grande', Ubuntu, Arial, Verdana, sans-serif; font-size: 12px; color: rgb(34, 34, 34); background-color: #FFF; ">

    <p>Hello ${object.partner_id and object.partner_id.name or ''},</p>

    <p style="border-left: 1px solid #8e0000; margin-left: 30px;">
       &nbsp;&nbsp;<strong>REFERENCES</strong><br />
       &nbsp;&nbsp;Order number: <strong>${object.name}</strong><br />
       &nbsp;&nbsp;Order total: <strong>${object.amount_total} ${object.company_id.currency_id.name}</strong><br />
       &nbsp;&nbsp;Order date: ${object.date_order}<br />
       &nbsp;&nbsp;Delivery date: ${object.delivery_date}<br />
       % if object.user_id:
       &nbsp;&nbsp;Cashier: ${object.user_id.name}
       % endif
    </p>
    <p> Product Details </p>
    % if object.lines:
        <table border=1>
            <tbody border=1>
                <tr>
                    <th>Product Name</th>
                    <th>Quantity</th>
                    <th>Unit Price</th>
                    <th>Discount %</th>
                    <th>Total(${object.company_id.currency_id.name})</td>
                <tr>
                % for line in object.lines:
                    <tr>
                        <td>${line.product_id.name}</td>
                        <td style="text-align:right">${line.qty}</td>
                        <td style="text-align:right">${line.price_unit}</td>
                        <td style="text-align:right">${line.discount}</td>
                        <td style="text-align:right">${line.price_subtotal_incl}</td>
                    </tr>
                % endfor
                <tr>
                    <td colspan="4"><strong>Tax</strong></td>
                    <td style="text-align:right">${object.amount_tax}</td>
                </tr>
                <tr>
                    <td colspan="4"><strong>Amount Paid</strong></td>
                    <td style="text-align:right">${object.amount_paid}</td>
                </tr>
                <tr>
                    <td colspan="4"><strong>Amount Due</strong></td>
                    <td style="text-align:right">${object.amount_due}</td>
                </tr>
                <tr>
                    <td colspan="4"><strong>Total Amount</strong></td>
                    <td style="text-align:right">${object.amount_total}</td>
                </tr>
            </tbody>
        </table>
    % endif
    <br/>
    <p>Thank you for choosing ${object.company_id.name or 'us'} !</p>
    <br/>
    <br/>
    <div style="width: 375px; margin: 0px; padding: 0px; background-color: #8E0000; border-top-left-radius: 5px 5px; border-top-right-radius: 5px 5px; background-repeat: repeat no-repeat;">
        <h3 style="margin: 0px; padding: 2px 14px; font-size: 12px; color: #DDD;">
            <strong style="text-transform:uppercase;">${object.company_id.name}</strong></h3>
    </div>
    <div style="width: 347px; margin: 0px; padding: 5px 14px; line-height: 16px; background-color: #F2F2F2;">
        <span style="color: #222; margin-bottom: 5px; display: block; ">
        % if object.company_id.street:
            ${object.company_id.street}<br/>
        % endif
        % if object.company_id.street2:
            ${object.company_id.street2}<br/>
        % endif
        % if object.company_id.city or object.company_id.zip:
            ${object.company_id.zip} ${object.company_id.city}<br/>
        % endif
        % if object.company_id.country_id:
            ${object.company_id.state_id and ('%s, ' % object.company_id.state_id.name) or ''} ${object.company_id.country_id.name or ''}<br/>
        % endif
        </span>
        % if object.company_id.phone:
            <div style="margin-top: 0px; margin-right: 0px; margin-bottom: 0px; margin-left: 0px; padding-top: 0px; padding-right: 0px; padding-bottom: 0px; padding-left: 0px; ">
                Phone:&nbsp; ${object.company_id.phone}
            </div>
        % endif
        % if object.company_id.website:
            <div>
                Web :&nbsp;<a href="${object.company_id.website}">${object.company_id.website}</a>
            </div>
        %endif
        <p></p>
    </div>
</div>
            ]]></field>
        </record>

    </data>
</openerp>