<?xml version="1.0" encoding="UTF-8"?>
<templates id="template" xml:space="preserve">

    <!-- Bad Inheritance due to lack of time -->

    <t t-name="PosTicket">
        <div class="pos-sale-ticket">
            <t t-if='widget.pos.company_logo_base64'>
                <img t-att-src='widget.pos.company_logo_base64' class="pos-center-align"/>
                <br/>
            </t>

            <div class="pos-center-align"><t t-esc="order.formatted_validation_date"/> <t t-esc="order.name"/>
            <br />

            <t t-esc="widget.pos.company.name"/><br />
            <div class="receipt-phone">
                Phone: <t t-esc="widget.pos.company.phone || ''"/><br />
            </div>
            <div class="receipt-user">
                User: <t t-esc="widget.pos.cashier ? widget.pos.cashier.name : widget.pos.user.name"/><br />
            </div>
            <div class="receipt-user">
                Location: <t t-esc="widget.pos.shop ? widget.pos.shop.complete_name : widget.pos.name"/><br />
            </div>
            <br />
            </div>
            <t t-if="receipt.header">
                <div style='text-align:center'>
                    <t t-esc="receipt.header" />
                </div>
                <br />
            </t>
            <table class='receipt-orderlines'>
                <colgroup>
                    <col width='50%' />
                    <col width='25%' />
                    <col width='25%' />
                </colgroup>
                <tr t-foreach="orderlines" t-as="orderline">
                    <td>
                        <t t-esc="orderline.get_product().display_name"/>
                         <t t-if="orderline.get_discount() > 0">
                             <div class="pos-disc-font">
                               At Unit Price: <t t-esc="widget.format_currency(orderline.get_unit_display_price(),'Product Price')" />
                             </div>
                            <div class="pos-disc-font">
                                With a <t t-esc="orderline.get_discount()"/>% discount /
                                <t t-esc="widget.format_currency(orderline.get_unit_price()*orderline.get_quantity()*orderline.get_discount()/100)"/>
                            </div>

                        </t>
			<br/>
                       <t t-esc="orderline.get_product().description_sale"/>
                    </td>
                    <td class="pos-right-align">
                        <t t-esc="orderline.get_quantity_str_with_unit()"/>
                    </td>
                    <td class="pos-right-align">
                        <t t-esc="widget.format_currency(orderline.get_display_price())"/>
                    </td>
                </tr>

            </table>
            <br />
            <table class='receipt-total'>
                <tr>
                    <td>Subtotal:</td>
                    <td class="pos-right-align">
                        <t t-esc="widget.format_currency(order.get_total_without_tax())"/>
                    </td>
                </tr>
                <t t-foreach="order.get_tax_details()" t-as="taxdetail">
                    <tr>
                        <td><t t-esc="taxdetail.name" /></td>
                        <td class="pos-right-align">
                            <t t-esc="widget.format_currency(taxdetail.amount)" />
                        </td>
                    </tr>
                </t>
                <tr>
                    <t t-if="order.get_total_discount() > 0">
                        <td>Discount:</td>
                        <td class="pos-right-align">
                            <t t-esc="widget.format_currency(order.get_total_discount())"/>
                        </td>
                    </t>
                </tr>
                <tr class="emph">
                    <td>Total:</td>
                    <td class="pos-right-align">
                        <t t-esc="widget.format_currency(order.get_total_with_tax())"/>
                    </td>
                </tr>
            </table>
            <br />
            <table class='receipt-paymentlines'>
                <t t-foreach="paymentlines" t-as="line">
                  <tr>
                      <td>
                          <t t-esc="line.name"/>
                      </td>
                      <td class="pos-right-align">
                          <t t-esc="widget.format_currency(line.get_amount())"/>
                      </td>
                  </tr>
                </t>
            </table>
            <br />
            <table class='receipt-change'>
                <tr><td>Change:</td><td class="pos-right-align">
                    <t t-esc="widget.format_currency(order.get_change())"/>
                    </td></tr>
            </table>
            <t t-if="receipt.footer">
                <br />
                <div style='text-align:center'>
                    <t t-esc="receipt.footer" />
                </div>
            </t>
        </div>
    </t>

    <!--<t t-extend="PosTicket">-->
        <!--<t t-jquery=".receipt-user" t-operation='after'>-->
            <!--<div class="receipt-user">-->
                <!--Location: <t t-esc="widget.pos.shop ? widget.pos.shop.name : widget.pos.name"/><br />-->
            <!--</div>-->
        <!--</t>-->

        <!--<t t-jquery=".receipt-orderlines" t-operation='replace'>-->
            <!--<table class='receipt-orderlines'>-->
                <!--<colgroup>-->
                    <!--<col width='50%' />-->
                    <!--<col width='25%' />-->
                    <!--<col width='25%' />-->
                <!--</colgroup>-->
                <!--<tr t-foreach="orderlines" t-as="orderline">-->
                    <!--<td>-->
                        <!--<t t-esc="orderline.get_product().display_name"/>-->
                         <!--<t t-if="orderline.get_discount() > 0">-->
                             <!--<div class="pos-disc-font">-->
                               <!--At Unit Price: <t t-esc="widget.format_currency(orderline.get_unit_display_price(),'Product Price')" />-->
                             <!--</div>-->
                            <!--<div class="pos-disc-font">-->
                                <!--With a <t t-esc="orderline.get_discount()"/>% discount /-->
                                <!--<t t-esc="widget.format_currency(orderline.get_unit_price()*orderline.get_quantity()*orderline.get_discount()/100)"/>-->
                            <!--</div>-->

                        <!--</t>-->
                    <!--</td>-->
                    <!--<td class="pos-right-align">-->
                        <!--<t t-esc="orderline.get_quantity_str_with_unit()"/>-->
                    <!--</td>-->
                    <!--<td class="pos-right-align">-->
                        <!--<t t-esc="widget.format_currency(orderline.get_display_price())"/>-->
                    <!--</td>-->
                <!--</tr>-->
            <!--</table>-->

        <!--</t>-->
    <!--</t>-->


    <t t-extend="XmlReceipt">
        <t t-jquery=".orderlines" t-operation='replace'>
            <div class='orderlines' line-ratio='0.6'>
                <t t-foreach='receipt.orderlines' t-as='line'>
                    <t t-set='simple' t-value='line.discount === 0 and line.unit_name === "Unit(s)" and line.quantity === 1' />
                    <t t-if='simple'>
                        <line>
                            <left><t t-esc='line.product_name_wrapped[0]' /></left>
                            <right><value t-att-value-decimals='pos.currency.decimals'><t t-esc='line.price_display' /></value></right>
                        </line>
                        <t t-call="XmlReceiptWrappedProductNameLines"/>
                    </t>
                    <t t-if='!simple'>
                        <line><left><t t-esc='line.product_name_wrapped[0]' /></left></line>
                        <t t-call="XmlReceiptWrappedProductNameLines"/>
                        <t t-if='line.discount !== 0'>
                            <line indent='1'><left>Discount: <t t-esc='line.discount' />%</left>
                                <left>/Discount Amount: <t t-esc='line.discount * line.prices/100' /></left>
                            </line>
                        </t>
                        <line indent='1'>
                            <left>
                                <value t-att-value-decimals='pos.dp["Product Unit of Measure"]' value-autoint='on'>
                                    <t t-esc='line.quantity' />
                                </value>
                                <t t-if='line.unit_name !== "Unit(s)"'>
                                    <t t-esc='line.unit_name' />
                                </t>
                                x
                                <value t-att-value-decimals='pos.dp["Product Price"]'>
                                    <t t-esc='line.price' />
                                </value>
                            </left>
                            <right>
                                <value t-att-value-decimals='pos.currency.decimals'><t t-esc='line.price_display' /></value>
                            </right>
                        </line>
                    </t>
                </t>
            </div>
        </t>
    </t>

    <t t-extend="Orderline">
        <t t-jquery=".info-list" t-operation='replace'>
            <ul class="info-list">
                <t t-if="line.get_quantity_str() !== '1' || line.selected ">
                    <li class="info">
                        <em>
                            <t t-esc="line.get_quantity_str()" />
                        </em>
                        <t t-esc="line.get_unit().name" />
                        at
                        <t t-esc="widget.format_currency(line.get_unit_display_price(),'Product Price')" />
                        /
                        <t t-esc="line.get_unit().name" />
                    </li>
                </t>
                <t t-if="line.get_discount_str() !== '0'">
                    <li class="info">
                        With a
                        <em>
                            <t t-esc="line.get_discount_str()" />%
                        </em>
                        discount /
                        <em>
                            <t t-esc="widget.format_currency(line.get_unit_display_price()*line.get_quantity()*line.get_discount()/100,'Product Price')" />
                        </em>
                    </li>
                </t>
            </ul>
        </t>
    </t>

    <t t-name="PackLotLinePopupWidgetCustom">
        <div class="modal-dialog">
            <div class="popup popup-text">
                <p class="title"><t t-esc=" widget.options.title || '' " /></p>
                <div class='packlot-lines'>
                    <t t-if="widget.options.pack_lot_lines">
                        <t t-set="focus_lot_line" t-value="widget.focus_model || widget.options.pack_lot_lines.get_empty_model()"/>
                        <t t-foreach='widget.options.pack_lot_lines.models' t-as='lot_line'>
                            <input type="text" t-att-cid="lot_line.cid"
                                t-att-value="lot_line.get('lot_name')"
                                t-att-autofocus="lot_line === focus_lot_line ? 'autofocus': undefined"
                                class="popup-input packlot-line-input"
                                placeholder="Serial/Lot Number"/>
                            <i class="oe_link_icon remove-lot fa fa-trash-o"></i>
                        </t>

                    </t>
                </div>
                <div class="footer">
                    <div class="button confirm">
                        Ok
                    </div>
                    <div class="button cancel">
                        Cancel
                    </div>
                </div>
            </div>
        </div>
    </t> 


     <!--<t t-name="InstructorWidget">-->
        <!--<span class="username">-->
            <!--<t t-esc="widget.get_instructor()" />-->
        <!--</span>-->
    <!--</t>-->


</templates>
