<?xml version="1.0" encoding="UTF-8"?>
<templates id="template" xml:space="preserve">

 <!--   <t t-name="ActionpadWidget">
        <div class="actionpad">
            <button t-attf-class='button set-customer #{ ( widget.pos.get_client() and widget.pos.get_client().name.length > 10) ? "decentered" : "" }' >
                <i class='fa fa-user' />
                <t t-if="widget.pos.get_client()">
                    <t t-esc="widget.pos.get_client().name" />
                </t>
                <t t-if="!widget.pos.get_client()">
                    Doctor
                </t>
            </button>
            <button class='button pay'>
                <div class='pay-circle'>
                    <i class='fa fa-chevron-right' />
                </div>
                Payment
            </button>
        </div>
    </t> -->


    <t t-name="InstructorTemplate">
        <span class="control-button order-instructor">
            <i class='fa fa-user' />
                <t t-if="widget.pos.get_instructor()">
                    <t t-esc="widget.pos.get_instructor().name" />
                </t>
                <t t-if="!widget.pos.get_instructor()">
                    Business Type
                </t>
        </span>
    </t>


    <t t-extend="PaymentScreenWidget">
        <t t-jquery=".top-content" t-operation="replace">
            <div class='top-content'>
                    <span class='button back'>
                        <i class='fa fa-angle-double-left'></i>
                        Back
                    </span>
                    <h1>Payment</h1>
                    <span class='button next'>
                        Print
                        <i class='fa fa-angle-double-right'></i>
                    </span>
                </div>
        </t>
    </t>

    <!-- Doctor Template -->

    <t t-name="ClientDoctorLine">
        <tr class='client-line' t-att-data-id='partner.id'>
            <td><t t-esc='partner.name' /></td>
            <td><t t-esc='partner.address' /></td>
            <td><t t-esc='partner.phone or partner.mobile or ""' /></td>
        </tr>
    </t>

    <t t-name="ClientDoctorDetailsEdit">
        <section class='client-details edit'>
            <div class='client-picture'>
                <t t-if='!partner.id'>
                    <i class='fa fa-camera'></i>
                </t>
                <t t-if='partner.id'>
                    <img t-att-src='widget.partner_icon_url(partner.id)' />
                </t>
                <input type='file' class='image-uploader'></input>
            </div>
            <input class='detail client-name' name='name' t-att-value='partner.name' placeholder='Name'></input>
            <div class='edit-buttons'>
                <div class='button undo'><i class='fa fa-undo' /></div>
                <div class='button save'><i class='fa fa-floppy-o' /></div>
            </div>
            <div class='client-details-box clearfix'>
                <div class='client-details-left'>
                    <div class='client-detail'>
                        <span class='label'>Street</span>
                        <input class='detail client-address-street' name='street'       t-att-value='partner.street || ""' placeholder='Street'></input>
                    </div>
                    <div class='client-detail'>
                        <span class='label'>City</span>
                        <input class='detail client-address-city'   name='city'         t-att-value='partner.city || ""' placeholder='City'></input>
                    </div>
                    <div class='client-detail'>
                        <span class='label'>Postcode</span>
                        <input class='detail client-address-zip'    name='zip'          t-att-value='partner.zip || ""' placeholder='ZIP'></input>
                    </div>
                    <div class='client-detail'>
                        <span class='label'>Country</span>
                        <select class='detail client-address-country needsclick' name='country_id'>
                            <option value=''>None</option>
                            <t t-foreach='widget.pos.countries' t-as='country'>
                                <option t-att-value='country.id' t-att-selected="partner.country_id ? ((country.id === partner.country_id[0]) ? true : undefined) : undefined">
                                    <t t-esc='country.name'/>
                                </option>
                            </t>
                        </select>
                    </div>
                </div>
                <div class='client-details-right'>
                    <div class='client-detail'>
                        <span class='label'>Email</span>
                        <input class='detail client-email'  name='email'    type='email'    t-att-value='partner.email || ""'></input>
                    </div>
                    <div class='client-detail'>
                        <span class='label'>Phone</span>
                        <input class='detail client-phone'  name='phone'    type='tel'      t-att-value='partner.phone || ""'></input>
                    </div>
                    <div class='client-detail'>
                        <span class='label'>Barcode</span>
                        <input class='detail barcode'       name='barcode'    t-att-value='partner.barcode || ""'></input>
                    </div>
                    <div class='client-detail'>
                        <span class='label'>Tax ID</span>
                        <input class='detail vat'           name='vat'     t-att-value='partner.vat || ""'></input>
                    </div>
                </div>
            </div>
        </section>
    </t>
    <t t-name="ClientDoctorDetails">
        <section class='client-details'>
            <div class='client-picture'>
                <img t-att-src='widget.partner_icon_url(partner.id)' />
            </div>
            <div class='client-name'><t t-esc='partner.name' /></div>
            <div class='edit-buttons'>
                <div class='button edit'><i class='fa fa-pencil-square' /></div>
            </div>
            <div class='client-details-box clearfix'>
                <div class='client-details-left'>
                    <div class='client-detail'>
                        <span class='label'>Address</span>
                        <t t-if='partner.address'>
                            <span class='detail client-address'><t t-esc='partner.address' /></span>
                        </t>
                        <t t-if='!partner.address'>
                            <span class='detail client-address empty'>N/A</span>
                        </t>
                    </div>
                    <div class='client-detail'>
                        <span class='label'>Email</span>
                        <t t-if='partner.email'>
                            <span class='detail client-email'><t t-esc='partner.email' /></span>
                        </t>
                        <t t-if='!partner.email'>
                            <span class='detail client-email empty'>N/A</span>
                        </t>
                    </div>
                    <div class='client-detail'>
                        <span class='label'>Phone</span>
                        <t t-if='partner.phone'>
                            <span class='detail client-phone'><t t-esc='partner.phone' /></span>
                        </t>
                        <t t-if='!partner.phone'>
                            <span class='detail client-phone empty'>N/A</span>
                        </t>
                    </div>
                </div>
                <div class='client-details-right'>
                    <div class='client-detail'>
                        <span class='label'>Barcode</span>
                        <t t-if='partner.barcode'>
                            <span class='detail client-id'><t t-esc='partner.barcode'/></span>
                        </t>
                        <t t-if='!partner.barcode'>
                            <span class='detail client-id empty'>N/A</span>
                        </t>
                    </div>
                    <div class='client-detail'>
                        <span class='label'>Tax ID</span>
                        <t t-if='partner.vat'>
                            <span class='detail vat'><t t-esc='partner.vat'/></span>
                        </t>
                        <t t-if='!partner.vat'>
                            <span class='detail vat empty'>N/A</span>
                        </t>
                    </div>
                </div>
            </div>
        </section>
    </t>

    <t t-name="ClientDoctorListScreenWidget">
        <div class="clientlist-screen screen">
            <div class="screen-content">
                <section class="top-content">
                    <span class='button back'>
                        <i class='fa fa-angle-double-left'></i>
                        Cancel
                    </span>
                    <span class='searchbox'>
                        <input placeholder='Search Doctor' />
                        <span class='search-clear'></span>
                    </span>
                    <span class='searchbox'></span>
                    <span class='button new-customer'>
                        <i class='fa fa-user'></i>
                        <i class='fa fa-plus'></i>
                    </span>
                    <span class='button next oe_hidden highlight'>
                        Select Customer
                        <i class='fa fa-angle-double-right'></i>
                    </span>
                </section>
                <section class="full-content">
                    <div class='window'>
                        <section class='subwindow collapsed'>
                            <div class='subwindow-container collapsed'>
                                <div class='subwindow-container-fix client-details-contents'>
                                </div>
                            </div>
                        </section>
                        <section class='subwindow'>
                            <div class='subwindow-container'>
                                <div class='subwindow-container-fix touch-scrollable scrollable-y'>
                                    <table class='client-list'>
                                        <thead>
                                            <tr>
                                                <th>Name</th>
                                                <th>Address</th>
                                                <th>Phone</th>
                                            </tr>
                                        </thead>
                                        <tbody class='client-list-contents'>
                                        </tbody>
                                    </table>
                                </div>
                            </div>
                        </section>
                    </div>
                </section>
            </div>
        </div>
    </t>


</templates>
