<?xml version="1.0"?>
<openerp>
    <data>
        <record id="mail.mail_channel_menu_root_chat" model="ir.ui.menu">
            <field name="name">Chat</field>
            <field name="menu_icon">fa fa-comments</field>
        </record>

        <record id="base.menu_administration" model="ir.ui.menu">
            <field name="name">Administration</field>
            <field name="menu_icon">fa fa-cog</field>
        </record>

        <record id="calendar.mail_menu_calendar" model="ir.ui.menu">
            <field name="name">Calendar</field>
            <field name="menu_icon">fa fa-calendar</field>
        </record>

        <record id="mail.menu_contacts" model="ir.ui.menu">
            <field name="name">Contacts</field>
            <field name="menu_icon">fa fa-users</field>
        </record>

        <function model="res.users" name="update_default_theme"/>
    </data>
</openerp>
