<?xml version="1.0" encoding="UTF-8"?>
<openerp>
    <data>
	<record model="ir.ui.view" id="view_product_supplier_inherit_dusal">
	    <field name="name">product.template.supplier.form.inherit.dusal</field>
	    <field name="model">product.template</field>
	    <field name="inherit_id" ref="purchase.view_product_supplier_inherit"/>
	    <field name="arch" type="xml">
		<data>
		    <xpath expr="//field[@name='seller_ids']" position="attributes">
			<attribute name="groups">base.group_dusal_show_vendor</attribute>
		    </xpath>
		</data>
	    </field>
	</record>
    </data>
</openerp>
